title,year,ids.trakt,ids.slug,ids.imdb,ids.tmdb,watchers,certification,poster_url
Mickey 17,2025,540151,mickey-17-2025,tt12299608,696506,1657,R,https://walter-r2.trakt.tv/images/movies/000/540/151/posters/thumb/748e123b39.jpg.webp
A Minecraft Movie,2025,763995,a-minecraft-movie-2025,tt3566834,950387,1095,PG,https://walter-r2.trakt.tv/images/movies/000/763/995/posters/thumb/37c2ee9e9d.jpg.webp
Novocaine,2025,964679,novocaine-2025,tt29603959,1195506,877,R,https://walter-r2.trakt.tv/images/movies/000/964/679/posters/thumb/bd11e459ab.jpg.webp
A Working Man,2025,966319,a-working-man-2025,tt9150192,1197306,727,R,https://walter-r2.trakt.tv/images/movies/000/966/319/posters/thumb/e7aec3b005.jpg.webp
In the Lost Lands,2025,205119,in-the-lost-lands-2025,tt4419684,324544,691,R,https://walter-r2.trakt.tv/images/movies/000/205/119/posters/thumb/234c38e294.jpg.webp
Black Bag,2025,997729,black-bag-2025,tt30988739,1233575,679,R,https://walter-r2.trakt.tv/images/movies/000/997/729/posters/thumb/f935858c9f.jpg.webp
The Monkey,2025,904978,the-monkey-2025,tt27714946,1124620,314,R,https://walter-r2.trakt.tv/images/movies/000/904/978/posters/thumb/8c59f71b15.jpg.webp
The Life List,2025,1017204,the-life-list-2025,tt2172954,1254786,290,PG-13,https://walter-r2.trakt.tv/images/movies/001/017/204/posters/thumb/5e2b351fc4.jpg.webp
Captain America: Brave New World,2025,655031,captain-america-brave-new-world-2025,tt14513804,822119,267,PG-13,https://walter-r2.trakt.tv/images/movies/000/655/031/posters/thumb/9eadd9bc48.jpg.webp
Companion,2025,871757,companion-2025,tt26584495,1084199,229,R,https://walter-r2.trakt.tv/images/movies/000/871/757/posters/thumb/1355dc95a7.jpg.webp
The Gorge,2025,763780,the-gorge-2025,tt13654226,950396,205,PG-13,https://walter-r2.trakt.tv/images/movies/000/763/780/posters/thumb/93b62a8f24.jpg.webp
Cleaner,2025,905958,cleaner-2025,tt27812086,1125899,198,R,https://walter-r2.trakt.tv/images/movies/000/905/958/posters/thumb/10820ed9ff.jpg.webp
The Electric State,2025,614652,the-electric-state-2025,tt7766378,777443,195,PG-13,https://walter-r2.trakt.tv/images/movies/000/614/652/posters/thumb/964585bb84.jpg.webp
Last Breath,2025,781338,last-breath-2025,tt14403504,972533,186,PG-13,https://walter-r2.trakt.tv/images/movies/000/781/338/posters/thumb/6ea9284764.jpg.webp
Deadpool,2016,190430,deadpool-2016,tt1431045,293660,171,R,https://walter-r2.trakt.tv/images/movies/000/190/430/posters/thumb/341427aaa0.jpg.webp
Heretic,2024,916302,heretic-2024,tt28015403,1138194,167,R,https://walter-r2.trakt.tv/images/movies/000/916/302/posters/thumb/8626a5dc77.jpg.webp
Moana 2,2024,1005024,moana-2-2024,tt13622970,1241982,162,PG,https://walter-r2.trakt.tv/images/movies/001/005/024/posters/thumb/df8aab0a4d.jpg.webp
Interstellar,2014,102156,interstellar-2014,tt0816692,157336,159,PG-13,https://walter-r2.trakt.tv/images/movies/000/102/156/posters/thumb/7fcf530e15.jpg.webp
825 Forest Road,2025,1043205,825-forest-road-2025,tt15173952,1282980,159,N/A,https://walter-r2.trakt.tv/images/movies/001/043/205/posters/thumb/549319ed65.jpg.webp
Holland,2025,156893,holland-2025,tt3045628,257094,155,R,https://walter-r2.trakt.tv/images/movies/000/156/893/posters/thumb/3acefe889e.jpg.webp
Guardians of the Galaxy,2014,82405,guardians-of-the-galaxy-2014,tt2015381,118340,152,PG-13,https://walter-r2.trakt.tv/images/movies/000/082/405/posters/thumb/053b97aea3.jpg.webp
The Dark Knight,2008,120,the-dark-knight-2008,tt0468569,155,144,PG-13,https://walter-r2.trakt.tv/images/movies/000/000/120/posters/thumb/8369bf0d4a.jpg.webp
Avengers: Infinity War,2018,191797,avengers-infinity-war-2018,tt4154756,299536,133,PG-13,https://walter-r2.trakt.tv/images/movies/000/191/797/posters/thumb/f593432c60.jpg.webp
Avengers: Endgame,2019,191798,avengers-endgame-2019,tt4154796,299534,132,PG-13,https://walter-r2.trakt.tv/images/movies/000/191/798/posters/thumb/1700e93125.jpg.webp
The Avengers,2012,14701,the-avengers-2012,tt0848228,24428,131,PG-13,https://walter-r2.trakt.tv/images/movies/000/014/701/posters/thumb/edad761a8a.jpg.webp
Mufasa: The Lion King,2024,600937,mufasa-the-lion-king-2024,tt13186482,762509,130,PG,https://walter-r2.trakt.tv/images/movies/000/600/937/posters/thumb/efa100e081.jpg.webp
Carjackers,2025,994270,carjackers-2025,tt35683795,1229730,121,N/A,https://walter-r2.trakt.tv/images/movies/000/994/270/posters/thumb/629642609d.jpg.webp
Anora,2024,856080,anora-2024,tt28607951,1064213,120,R,https://walter-r2.trakt.tv/images/movies/000/856/080/posters/thumb/6c9c616b9e.jpg.webp
Deadpool & Wolverine,2024,395672,deadpool-wolverine-2024,tt6263850,533535,117,R,https://walter-r2.trakt.tv/images/movies/000/395/672/posters/thumb/6dd2e7b140.jpg.webp
Inception,2010,16662,inception-2010,tt1375666,27205,116,PG-13,https://walter-r2.trakt.tv/images/movies/000/016/662/posters/thumb/d961c8577b.jpg.webp
Opus,2025,970418,opus-2025,tt29929565,1202479,113,R,https://walter-r2.trakt.tv/images/movies/000/970/418/posters/thumb/469ae053fe.jpg.webp
Doctor Strange,2016,181311,doctor-strange-2016,tt1211837,284052,112,PG-13,https://walter-r2.trakt.tv/images/movies/000/181/311/posters/thumb/022cd5dad1.jpg.webp
Wicked,2024,290190,wicked-2024,tt1262426,402431,108,PG,https://walter-r2.trakt.tv/images/movies/000/290/190/posters/thumb/c5019e18bd.jpg.webp
Iron Man,2008,1157,iron-man-2008,tt0371746,1726,106,PG-13,https://walter-r2.trakt.tv/images/movies/000/001/157/posters/thumb/b0158ecb11.jpg.webp
Flight Risk,2025,905982,flight-risk-2025,tt10078772,1126166,106,R,https://walter-r2.trakt.tv/images/movies/000/905/982/posters/thumb/8a52ff15d3.jpg.webp
Sonic the Hedgehog 3,2024,753684,sonic-the-hedgehog-3-2024,tt18259086,939243,105,PG,https://walter-r2.trakt.tv/images/movies/000/753/684/posters/thumb/82dcda0407.jpg.webp
Avatar,2009,12269,avatar-2009,tt0499549,19995,104,PG-13,https://walter-r2.trakt.tv/images/movies/000/012/269/posters/thumb/12c85d38cd.jpg.webp
The Matrix,1999,481,the-matrix-1999,tt0133093,603,102,R,https://walter-r2.trakt.tv/images/movies/000/000/481/posters/thumb/373310d2ee.jpg.webp
The Lord of the Rings: The Fellowship of the Ring,2001,88,the-lord-of-the-rings-the-fellowship-of-the-ring-2001,tt0120737,120,102,PG-13,https://walter-r2.trakt.tv/images/movies/000/000/088/posters/thumb/73a273048f.jpg.webp
Harry Potter and the Philosopher's Stone,2001,545,harry-potter-and-the-philosopher-s-stone-2001,tt0241527,671,99,PG,https://walter-r2.trakt.tv/images/movies/000/000/545/posters/thumb/edb1130bfb.jpg.webp
John Wick,2014,149640,john-wick-2014,tt2911666,245891,97,R,https://walter-r2.trakt.tv/images/movies/000/149/640/posters/thumb/5390457ad0.jpg.webp
Flow,2024,656016,flow-2024,tt4772188,823219,97,PG,https://walter-r2.trakt.tv/images/movies/000/656/016/posters/thumb/d04fb30064.jpg.webp
The Wolf of Wall Street,2013,75735,the-wolf-of-wall-street-2013,tt0993846,106646,95,R,https://walter-r2.trakt.tv/images/movies/000/075/735/posters/thumb/c16d9c81f0.jpg.webp
Guardians of the Galaxy Vol. 2,2017,181256,guardians-of-the-galaxy-vol-2-2017,tt3896198,283995,94,PG-13,https://walter-r2.trakt.tv/images/movies/000/181/256/posters/thumb/7e5624f875.jpg.webp
Fight or Flight,2025,977993,fight-or-flight-2025,tt13652286,1212855,94,N/A,https://walter-r2.trakt.tv/images/movies/000/977/993/posters/thumb/216d2b4892.jpg.webp
Moana,2016,175475,moana-2016,tt3521164,277834,93,PG,https://walter-r2.trakt.tv/images/movies/000/175/475/posters/thumb/8b65d6e790.jpg.webp
The Last Dance,2024,990784,the-last-dance-2024-11-09,tt31648020,1226141,92,N/A,https://walter-r2.trakt.tv/images/movies/000/990/784/posters/thumb/e543e11f49.jpg.webp
Captain America: Civil War,2016,169105,captain-america-civil-war-2016,tt3498820,271110,91,PG-13,https://walter-r2.trakt.tv/images/movies/000/169/105/posters/thumb/21a0b886e1.jpg.webp
Top Gun: Maverick,2022,297485,top-gun-maverick-2022,tt1745960,361743,91,PG-13,https://walter-r2.trakt.tv/images/movies/000/297/485/posters/thumb/6e3d1206ea.jpg.webp
Spider-Man: Homecoming,2017,196213,spider-man-homecoming-2017,tt2250912,315635,89,PG-13,https://walter-r2.trakt.tv/images/movies/000/196/213/posters/thumb/20b20b707d.jpg.webp
The Lord of the Rings: The Return of the King,2003,90,the-lord-of-the-rings-the-return-of-the-king-2003,tt0167260,122,89,PG-13,https://walter-r2.trakt.tv/images/movies/000/000/090/posters/thumb/308c97714c.jpg.webp
Becoming Led Zeppelin,2025,685641,becoming-led-zeppelin-2025,tt10365912,857800,89,PG-13,https://walter-r2.trakt.tv/images/movies/000/685/641/posters/thumb/1656276972.jpg.webp
Gladiator II,2024,409281,gladiator-ii-2024,tt9218128,558449,88,R,https://walter-r2.trakt.tv/images/movies/000/409/281/posters/thumb/3a9cb9e155.jpg.webp
A Complete Unknown,2024,495543,a-complete-unknown-2024,tt11563598,661539,88,R,https://walter-r2.trakt.tv/images/movies/000/495/543/posters/thumb/87284da14c.jpg.webp
Venom: The Last Dance,2024,730642,venom-the-last-dance-2024,tt16366836,912649,87,PG-13,https://walter-r2.trakt.tv/images/movies/000/730/642/posters/thumb/85fdcd99b2.jpg.webp
Snow White,2025,293904,snow-white-2025,tt6208148,447273,86,PG,https://walter-r2.trakt.tv/images/movies/000/293/904/posters/thumb/7157c4fdaf.jpg.webp
TRON: Legacy,2010,12601,tron-legacy-2010,tt1104001,20526,84,PG,https://walter-r2.trakt.tv/images/movies/000/012/601/posters/thumb/e0d9dd35c5.jpg.webp
Dog Man,2025,611948,dog-man-2025,tt10954718,774370,84,PG,https://walter-r2.trakt.tv/images/movies/000/611/948/posters/thumb/b955658916.jpg.webp
Dune,2021,287071,dune-2021,tt1160419,438631,83,PG-13,https://walter-r2.trakt.tv/images/movies/000/287/071/posters/thumb/11047a3b78.jpg.webp
Dune: Part Two,2024,537449,dune-part-two-2024,tt15239678,693134,83,PG-13,https://walter-r2.trakt.tv/images/movies/000/537/449/posters/thumb/2acc44f507.jpg.webp
Kraven the Hunter,2024,391372,kraven-the-hunter-2024,tt8790086,539972,83,R,https://walter-r2.trakt.tv/images/movies/000/391/372/posters/thumb/953ae3347b.jpg.webp
Bridget Jones: Mad About the Boy,2025,1032845,bridget-jones-mad-about-the-boy-2025,tt32063050,1272149,81,R,https://walter-r2.trakt.tv/images/movies/001/032/845/posters/thumb/459e3bee64.jpg.webp
Death of a Unicorn,2025,929147,death-of-a-unicorn-2025,tt28443655,1153714,80,R,https://walter-r2.trakt.tv/images/movies/000/929/147/posters/thumb/1c8441e7e7.jpg.webp
The Martian,2015,183371,the-martian-2015,tt3659388,286217,79,PG-13,https://walter-r2.trakt.tv/images/movies/000/183/371/posters/thumb/8767195506.jpg.webp
Frozen,2013,77349,frozen-2013,tt2294629,109445,79,PG,https://walter-r2.trakt.tv/images/movies/000/077/349/posters/thumb/a17069ed77.jpg.webp
The Hunger Games,2012,51342,the-hunger-games-2012,tt1392170,70160,79,PG-13,https://walter-r2.trakt.tv/images/movies/000/051/342/posters/thumb/fdd7c5f3f0.jpg.webp
Toy Story,1995,705,toy-story-1995,tt0114709,862,79,G,https://walter-r2.trakt.tv/images/movies/000/000/705/posters/thumb/a91e865e00.jpg.webp
Shrek,2001,651,shrek-2001,tt0126029,808,78,PG,https://walter-r2.trakt.tv/images/movies/000/000/651/posters/thumb/1df44653f4.jpg.webp
Harry Potter and the Prisoner of Azkaban,2004,547,harry-potter-and-the-prisoner-of-azkaban-2004,tt0304141,673,77,PG,https://walter-r2.trakt.tv/images/movies/000/000/547/posters/thumb/0046b97675.jpg.webp
Spider-Man: No Way Home,2021,474180,spider-man-no-way-home-2021,tt10872600,634649,77,PG-13,https://walter-r2.trakt.tv/images/movies/000/474/180/posters/thumb/9ce30fb23f.jpg.webp
The Lord of the Rings: The Two Towers,2002,89,the-lord-of-the-rings-the-two-towers-2002,tt0167261,121,76,PG-13,https://walter-r2.trakt.tv/images/movies/000/000/089/posters/thumb/20019dee8d.jpg.webp
Zootopia,2016,167397,zootopia-2016,tt2948356,269149,76,PG,https://walter-r2.trakt.tv/images/movies/000/167/397/posters/thumb/da66787e21.jpg.webp
The Super Mario Bros. Movie,2023,349425,the-super-mario-bros-movie-2023,tt6718170,502356,76,PG,https://walter-r2.trakt.tv/images/movies/000/349/425/posters/thumb/727d878335.jpg.webp
Arrival,2016,210803,arrival-2016,tt2543164,329865,75,PG-13,https://walter-r2.trakt.tv/images/movies/000/210/803/posters/thumb/fc306afd42.jpg.webp
Up,2009,8476,up-2009,tt1049413,14160,75,PG,https://walter-r2.trakt.tv/images/movies/000/008/476/posters/thumb/71f5f3f7f8.jpg.webp
How to Train Your Dragon,2010,5405,how-to-train-your-dragon-2010,tt0892769,10191,75,PG,https://walter-r2.trakt.tv/images/movies/000/005/405/posters/thumb/c81a9c5043.jpg.webp
Fight Club,1999,432,fight-club-1999,tt0137523,550,74,R,https://walter-r2.trakt.tv/images/movies/000/000/432/posters/thumb/7eb46b87e2.jpg.webp
"Monsters, Inc.",2001,464,monsters-inc-2001,tt0198781,585,74,G,https://walter-r2.trakt.tv/images/movies/000/000/464/posters/thumb/ff36df49f2.jpg.webp
Den of Thieves 2: Pantera,2025,449452,den-of-thieves-2-pantera-2025,tt8008948,604685,74,R,https://walter-r2.trakt.tv/images/movies/000/449/452/posters/thumb/d9e50b630b.jpg.webp
Finding Nemo,2003,8,finding-nemo-2003,tt0266543,12,73,G,https://walter-r2.trakt.tv/images/movies/000/000/008/posters/thumb/da25391579.jpg.webp
Peter Pan's Neverland Nightmare,2025,820687,peter-pan-s-neverland-nightmare-2025,tt21955520,1020414,73,NR,https://walter-r2.trakt.tv/images/movies/000/820/687/posters/thumb/31eba480c2.jpg.webp
Harry Potter and the Goblet of Fire,2005,548,harry-potter-and-the-goblet-of-fire-2005,tt0330373,674,72,PG-13,https://walter-r2.trakt.tv/images/movies/000/000/548/posters/thumb/7b99ee4b12.jpg.webp
Pirates of the Caribbean: The Curse of the Black Pearl,2003,18,pirates-of-the-caribbean-the-curse-of-the-black-pearl-2003,tt0325980,22,72,PG-13,https://walter-r2.trakt.tv/images/movies/000/000/018/posters/thumb/b6d96d7441.jpg.webp
The Accountant,2016,203309,the-accountant-2016,tt2140479,302946,72,R,https://walter-r2.trakt.tv/images/movies/000/203/309/posters/thumb/c701994fc3.jpg.webp
Nosferatu,2024,808857,nosferatu-2024,tt5040012,426063,72,R,https://walter-r2.trakt.tv/images/movies/000/808/857/posters/thumb/b1fde04511.jpg.webp
The Lion King,1994,4242,the-lion-king-1994,tt0110357,8587,71,G,https://walter-r2.trakt.tv/images/movies/000/004/242/posters/thumb/746f279ac1.jpg.webp
The Substance,2024,748546,the-substance-2024,tt17526714,933260,71,R,https://walter-r2.trakt.tv/images/movies/000/748/546/posters/thumb/a81516309e.jpg.webp
Despicable Me 4,2024,367444,despicable-me-4-2024,tt7510222,519182,71,PG,https://walter-r2.trakt.tv/images/movies/000/367/444/posters/thumb/40eead7db6.jpg.webp
Kill Tony: Kill or Be Killed,2025,1190378,kill-tony-kill-or-be-killed-2025,tt36383424,1453677,71,R,https://walter-r2.trakt.tv/images/movies/001/190/378/posters/thumb/44389e3803.jpg.webp
Fog of War,2025,916704,fog-of-war-2025,tt27829165,1138621,70,N/A,https://walter-r2.trakt.tv/images/movies/000/916/704/posters/thumb/70edfbb4b2.jpg.webp
Paddington in Peru,2024,365073,paddington-in-peru-2024,tt5822536,516729,68,PG,https://walter-r2.trakt.tv/images/movies/000/365/073/posters/thumb/d6f6e60578.jpg.webp
The World Will Tremble,2025,1161551,the-world-will-tremble-2025,tt26595906,1419826,68,N/A,https://walter-r2.trakt.tv/images/movies/001/161/551/posters/thumb/38f4ab4fdc.jpg.webp
Avengers: Age of Ultron,2015,71938,avengers-age-of-ultron-2015,tt2395427,99861,67,PG-13,https://walter-r2.trakt.tv/images/movies/000/071/938/posters/thumb/de2265af49.jpg.webp
Forrest Gump,1994,9,forrest-gump-1994,tt0109830,13,66,PG-13,https://walter-r2.trakt.tv/images/movies/000/000/009/posters/thumb/6d4da676cc.jpg.webp
The Shawshank Redemption,1994,234,the-shawshank-redemption-1994,tt0111161,278,66,R,https://walter-r2.trakt.tv/images/movies/000/000/234/posters/thumb/a97015926b.jpg.webp
The Truman Show,1998,23734,the-truman-show-1998,tt0120382,37165,66,PG,https://walter-r2.trakt.tv/images/movies/000/023/734/posters/thumb/9270646f37.jpg.webp
Inside Out,2015,98998,inside-out-2015,tt2096673,150540,65,PG,https://walter-r2.trakt.tv/images/movies/000/098/998/posters/thumb/0213554ff8.jpg.webp
WALL·E,2008,5853,wall-e-2008,tt0910970,10681,65,G,https://walter-r2.trakt.tv/images/movies/000/005/853/posters/thumb/e5a3035514.jpg.webp
The Wild Robot,2024,955488,the-wild-robot-2024,tt29623480,1184918,65,PG,https://walter-r2.trakt.tv/images/movies/000/955/488/posters/thumb/49160b921e.jpg.webp
The Dark Knight Rises,2012,34073,the-dark-knight-rises-2012,tt1345836,49026,64,PG-13,https://walter-r2.trakt.tv/images/movies/000/034/073/posters/thumb/0146361178.jpg.webp
Iron Man 2,2010,5355,iron-man-2-2010,tt1228705,10138,64,PG-13,https://walter-r2.trakt.tv/images/movies/000/005/355/posters/thumb/dabd6f1e13.jpg.webp
Tangled,2010,25084,tangled-2010,tt0398286,38757,64,PG,https://walter-r2.trakt.tv/images/movies/000/025/084/posters/thumb/c630b81726.jpg.webp
The Assessment,2025,1076480,the-assessment-2025,tt32768323,1317088,64,R,https://walter-r2.trakt.tv/images/movies/001/076/480/posters/thumb/624108069b.jpg.webp
Harry Potter and the Chamber of Secrets,2002,546,harry-potter-and-the-chamber-of-secrets-2002,tt0295297,672,63,PG,https://walter-r2.trakt.tv/images/movies/000/000/546/posters/thumb/b1bb9bbdc2.jpg.webp
Thor: Ragnarok,2017,181312,thor-ragnarok-2017,tt3501632,284053,62,PG-13,https://walter-r2.trakt.tv/images/movies/000/181/312/posters/thumb/0a2fc279a2.jpg.webp
Harry Potter and the Order of the Phoenix,2007,549,harry-potter-and-the-order-of-the-phoenix-2007,tt0373889,675,62,PG-13,https://walter-r2.trakt.tv/images/movies/000/000/549/posters/thumb/919cf5c76e.jpg.webp
Harry Potter and the Half-Blood Prince,2009,610,harry-potter-and-the-half-blood-prince-2009,tt0417741,767,62,PG,https://walter-r2.trakt.tv/images/movies/000/000/610/posters/thumb/9d1a0c8829.jpg.webp
Jurassic Park,1993,276,jurassic-park-1993,tt0107290,329,62,PG-13,https://walter-r2.trakt.tv/images/movies/000/000/276/posters/thumb/96f656c113.jpg.webp
The Hunger Games: Catching Fire,2013,72719,the-hunger-games-catching-fire-2013,tt1951264,101299,62,PG-13,https://walter-r2.trakt.tv/images/movies/000/072/719/posters/thumb/fc3ae9e451.jpg.webp
Ratatouille,2007,1416,ratatouille-2007,tt0382932,2062,62,G,https://walter-r2.trakt.tv/images/movies/000/001/416/posters/thumb/6cf5155137.jpg.webp
Inside Out 2,2024,822464,inside-out-2-2024,tt22022452,1022789,62,PG,https://walter-r2.trakt.tv/images/movies/000/822/464/posters/thumb/0b010863c6.jpg.webp
One of Them Days,2025,1041018,one-of-them-days-2025,tt32221196,1280672,62,R,https://walter-r2.trakt.tv/images/movies/001/041/018/posters/thumb/09cd2ff7b6.jpg.webp
Joker,2019,322988,joker-2019,tt7286456,475557,61,R,https://walter-r2.trakt.tv/images/movies/000/322/988/posters/thumb/b2fa5f3d6c.jpg.webp
Django Unchained,2012,50131,django-unchained-2012,tt1853728,68718,61,R,https://walter-r2.trakt.tv/images/movies/000/050/131/posters/thumb/6e250c3087.jpg.webp
Spider-Man: Into the Spider-Verse,2018,205404,spider-man-into-the-spider-verse-2018,tt4633694,324857,61,PG,https://walter-r2.trakt.tv/images/movies/000/205/404/posters/thumb/d0157b8bae.jpg.webp
Harry Potter and the Deathly Hallows: Part 1,2010,7228,harry-potter-and-the-deathly-hallows-part-1-2010,tt0926084,12444,61,PG-13,https://walter-r2.trakt.tv/images/movies/000/007/228/posters/thumb/92a397b497.jpg.webp
Oppenheimer,2023,698292,oppenheimer-2023,tt15398776,872585,61,R,https://walter-r2.trakt.tv/images/movies/000/698/292/posters/thumb/5a072067e7.jpg.webp
Alien: Romulus,2024,759944,alien-romulus-2024,tt18412256,945961,61,R,https://walter-r2.trakt.tv/images/movies/000/759/944/posters/thumb/f2e66df65b.jpg.webp
Harry Potter and the Deathly Hallows: Part 2,2011,7229,harry-potter-and-the-deathly-hallows-part-2-2011,tt1201607,12445,60,PG-13,https://walter-r2.trakt.tv/images/movies/000/007/229/posters/thumb/77092b6662.jpg.webp
Star Wars,1977,7,star-wars-1977,tt0076759,11,58,PG,https://walter-r2.trakt.tv/images/movies/000/000/007/posters/thumb/a4f84e22e4.jpg.webp
Tombstone,1993,6982,tombstone-1993,tt0108358,11969,58,R,https://walter-r2.trakt.tv/images/movies/000/006/982/posters/thumb/0253ee03f8.jpg.webp
Logan,2017,161972,logan-2017,tt3315342,263115,57,R,https://walter-r2.trakt.tv/images/movies/000/161/972/posters/thumb/b3586cb36b.jpg.webp
Batman Begins,2005,228,batman-begins-2005,tt0372784,272,57,PG-13,https://walter-r2.trakt.tv/images/movies/000/000/228/posters/thumb/dc2a3555df.jpg.webp
Ant-Man,2015,73582,ant-man-2015,tt0478970,102899,57,PG-13,https://walter-r2.trakt.tv/images/movies/000/073/582/posters/thumb/b1db8bb8c3.jpg.webp
Despicable Me,2010,12496,despicable-me-2010,tt1323594,20352,57,PG,https://walter-r2.trakt.tv/images/movies/000/012/496/posters/thumb/eec86039d4.jpg.webp
Frozen II,2019,211394,frozen-ii-2019,tt4520988,330457,57,PG,https://walter-r2.trakt.tv/images/movies/000/211/394/posters/thumb/3c30bdd9c2.jpg.webp
Black Panther,2018,181313,black-panther-2018,tt1825683,284054,56,PG-13,https://walter-r2.trakt.tv/images/movies/000/181/313/posters/thumb/a37c06d644.jpg.webp
The Batman,2022,259852,the-batman-2022,tt1877830,414906,56,PG-13,https://walter-r2.trakt.tv/images/movies/000/259/852/posters/thumb/edaa502030.jpg.webp
Wonder Woman,2017,192487,wonder-woman-2017,tt0451279,297762,55,PG-13,https://walter-r2.trakt.tv/images/movies/000/192/487/posters/thumb/deef7a5830.jpg.webp
Pulp Fiction,1994,554,pulp-fiction-1994,tt0110912,680,55,R,https://walter-r2.trakt.tv/images/movies/000/000/554/posters/thumb/86f34f1038.jpg.webp
Gladiator,2000,67,gladiator-2000,tt0172495,98,55,R,https://walter-r2.trakt.tv/images/movies/000/000/067/posters/thumb/a897083955.jpg.webp
Coco,2017,222605,coco-2017,tt2380307,354912,55,PG,https://walter-r2.trakt.tv/images/movies/000/222/605/posters/thumb/8ab478090f.jpg.webp
Cars,2006,762,cars-2006,tt0317219,920,55,G,https://walter-r2.trakt.tv/images/movies/000/000/762/posters/thumb/b6b5f0fa46.jpg.webp
Doctor Strange in the Multiverse of Madness,2022,299910,doctor-strange-in-the-multiverse-of-madness-2022,tt9419884,453395,55,PG-13,https://walter-r2.trakt.tv/images/movies/000/299/910/posters/thumb/4fa84f889e.jpg.webp
Twisters,2024,561219,twisters-2024,tt12584954,718821,55,PG-13,https://walter-r2.trakt.tv/images/movies/000/561/219/posters/thumb/c7ab36264f.jpg.webp
Back to the Future,1985,74,back-to-the-future-1985,tt0088763,105,54,PG,https://walter-r2.trakt.tv/images/movies/000/000/074/posters/thumb/c608400a0d.jpg.webp
Deadpool 2,2018,226108,deadpool-2-2018,tt5463162,383498,54,R,https://walter-r2.trakt.tv/images/movies/000/226/108/posters/thumb/09507d6cc7.jpg.webp
Edge of Tomorrow,2014,92230,edge-of-tomorrow-2014,tt1631867,137113,54,PG-13,https://walter-r2.trakt.tv/images/movies/000/092/230/posters/thumb/08bdd53fda.jpg.webp
John Wick: Chapter 2,2017,205127,john-wick-chapter-2-2017,tt4425200,324552,53,R,https://walter-r2.trakt.tv/images/movies/000/205/127/posters/thumb/59972d4fb2.jpg.webp
Kingsman: The Secret Service,2015,128888,kingsman-the-secret-service-2015,tt2802144,207703,53,R,https://walter-r2.trakt.tv/images/movies/000/128/888/posters/thumb/a500e143bf.jpg.webp
Thor,2011,5408,thor-2011,tt0800369,10195,53,PG-13,https://walter-r2.trakt.tv/images/movies/000/005/408/posters/thumb/6e6e8c856d.jpg.webp
The Incredibles,2004,5065,the-incredibles-2004,tt0317705,9806,53,PG,https://walter-r2.trakt.tv/images/movies/000/005/065/posters/thumb/17b5d88aba.jpg.webp
Heat,1995,789,heat-1995,tt0113277,949,53,R,https://walter-r2.trakt.tv/images/movies/000/000/789/posters/thumb/102bb5a41e.jpg.webp
Captain America: The Winter Soldier,2014,72297,captain-america-the-winter-soldier-2014,tt1843866,100402,52,PG-13,https://walter-r2.trakt.tv/images/movies/000/072/297/posters/thumb/563efc9b64.jpg.webp
Jumanji: Welcome to the Jungle,2017,222254,jumanji-welcome-to-the-jungle-2017,tt2283362,353486,52,PG-13,https://walter-r2.trakt.tv/images/movies/000/222/254/posters/thumb/8de8447aaf.jpg.webp
Toy Story 2,1999,706,toy-story-2-1999,tt0120363,863,52,G,https://walter-r2.trakt.tv/images/movies/000/000/706/posters/thumb/7e07de2ea0.jpg.webp
Avatar: The Way of Water,2022,56580,avatar-the-way-of-water-2022,tt1630029,76600,52,PG-13,https://walter-r2.trakt.tv/images/movies/000/056/580/posters/thumb/ef9d678e06.jpg.webp
Ready Player One,2018,214279,ready-player-one-2018,tt1677720,333339,51,PG-13,https://walter-r2.trakt.tv/images/movies/000/214/279/posters/thumb/50752f5a7f.jpg.webp
The Silence of the Lambs,1991,230,the-silence-of-the-lambs-1991,tt0102926,274,51,R,https://walter-r2.trakt.tv/images/movies/000/000/230/posters/thumb/496f1a8bf5.jpg.webp
The Brutalist,2024,399330,the-brutalist-2024,tt8999762,549509,51,R,https://walter-r2.trakt.tv/images/movies/000/399/330/posters/thumb/33a922b372.jpg.webp
Suicide Squad,2016,193079,suicide-squad-2016,tt1386697,297761,50,PG-13,https://walter-r2.trakt.tv/images/movies/000/193/079/posters/thumb/506a6329c6.jpg.webp
Mad Max: Fury Road,2015,56360,mad-max-fury-road-2015,tt1392190,76341,50,R,https://walter-r2.trakt.tv/images/movies/000/056/360/posters/thumb/81486c7fea.jpg.webp
Big Hero 6,2014,112404,big-hero-6-2014,tt2245084,177572,50,PG,https://walter-r2.trakt.tv/images/movies/000/112/404/posters/thumb/a12b17e0c9.jpg.webp
Wreck-It Ralph,2012,61864,wreck-it-ralph-2012,tt1772341,82690,50,PG,https://walter-r2.trakt.tv/images/movies/000/061/864/posters/thumb/c79d6e43e5.jpg.webp
Spider-Man: Across the Spider-Verse,2023,420606,spider-man-across-the-spider-verse-2023,tt9362722,569094,50,PG,https://walter-r2.trakt.tv/images/movies/000/420/606/posters/thumb/4d3e396c8b.jpg.webp
Babygirl,2024,882689,babygirl-2024,tt30057084,1097549,50,R,https://walter-r2.trakt.tv/images/movies/000/882/689/posters/thumb/fc67a954aa.jpg.webp
Spider-Man: Far From Home,2019,273537,spider-man-far-from-home-2019,tt6320628,429617,49,PG-13,https://walter-r2.trakt.tv/images/movies/000/273/537/posters/thumb/0c2e13aff6.jpg.webp
The Godfather,1972,196,the-godfather-1972,tt0068646,238,49,R,https://walter-r2.trakt.tv/images/movies/000/000/196/posters/thumb/4436e95fee.jpg.webp
Toy Story 3,2010,5407,toy-story-3-2010,tt0435761,10193,49,G,https://walter-r2.trakt.tv/images/movies/000/005/407/posters/thumb/108f2d73f0.jpg.webp
Home Alone,1990,614,home-alone-1990,tt0099785,771,48,PG,https://walter-r2.trakt.tv/images/movies/000/000/614/posters/thumb/cfd8a21e95.jpg.webp
Presence,2025,918315,presence-2025,tt28249919,1140535,48,R,https://walter-r2.trakt.tv/images/movies/000/918/315/posters/thumb/517f872f91.jpg.webp
Parasite,2019,343180,parasite-2019,tt6751668,496243,47,R,https://walter-r2.trakt.tv/images/movies/000/343/180/posters/thumb/843d000f45.jpg.webp
Titanic,1997,475,titanic-1997,tt0120338,597,47,PG-13,https://walter-r2.trakt.tv/images/movies/000/000/475/posters/thumb/b8395ccb86.jpg.webp
The Hangover,2009,11534,the-hangover-2009,tt1119646,18785,47,R,https://walter-r2.trakt.tv/images/movies/000/011/534/posters/thumb/87e9da7505.jpg.webp
Guardians of the Galaxy Volume 3,2023,293990,guardians-of-the-galaxy-volume-3-2023,tt6791350,447365,47,PG-13,https://walter-r2.trakt.tv/images/movies/000/293/990/posters/thumb/61ceb0624b.jpg.webp
Spider-Man,2002,438,spider-man-2002,tt0145487,557,46,PG-13,https://walter-r2.trakt.tv/images/movies/000/000/438/posters/thumb/79c294300c.jpg.webp
Pirates of the Caribbean: Dead Man's Chest,2006,31,pirates-of-the-caribbean-dead-man-s-chest-2006,tt0383574,58,46,PG-13,https://walter-r2.trakt.tv/images/movies/000/000/031/posters/thumb/66f05d7452.jpg.webp
The Fifth Element,1997,14,the-fifth-element-1997,tt0119116,18,46,PG-13,https://walter-r2.trakt.tv/images/movies/000/000/014/posters/thumb/cdbaf1224d.jpg.webp
Ice Age,2002,337,ice-age-2002,tt0268380,425,46,PG,https://walter-r2.trakt.tv/images/movies/000/000/337/posters/thumb/98fffa6cee.jpg.webp
Captain America: The First Avenger,2011,1170,captain-america-the-first-avenger-2011,tt0458339,1771,45,PG-13,https://walter-r2.trakt.tv/images/movies/000/001/170/posters/thumb/04fa05d153.jpg.webp
Iron Man 3,2013,50134,iron-man-3-2013,tt1300854,68721,45,PG-13,https://walter-r2.trakt.tv/images/movies/000/050/134/posters/thumb/7392973da9.jpg.webp
Se7en,1995,650,se7en-1995,tt0114369,807,45,R,https://walter-r2.trakt.tv/images/movies/000/000/650/posters/thumb/69872078fd.jpg.webp
The Green Mile,1999,390,the-green-mile-1999,tt0120689,497,45,R,https://walter-r2.trakt.tv/images/movies/000/000/390/posters/thumb/ca5d732f66.jpg.webp
The Amazing Spider-Man,2012,1302,the-amazing-spider-man-2012,tt0948470,1930,45,PG-13,https://walter-r2.trakt.tv/images/movies/000/001/302/posters/thumb/0322c5364f.jpg.webp
The Hunger Games: Mockingjay - Part 2,2015,89543,the-hunger-games-mockingjay-part-2-2015,tt1951266,131634,45,PG-13,https://walter-r2.trakt.tv/images/movies/000/089/543/posters/thumb/48bd293ba0.jpg.webp
Kung Fu Panda,2008,4783,kung-fu-panda-2008,tt0441773,9502,45,PG,https://walter-r2.trakt.tv/images/movies/000/004/783/posters/thumb/be98d3ebdb.jpg.webp
Madagascar,2005,792,madagascar-2005,tt0351283,953,45,PG,https://walter-r2.trakt.tv/images/movies/000/000/792/posters/thumb/3ffad9abce.jpg.webp
Final Destination,2000,4810,final-destination-2000,tt0195714,9532,45,R,https://walter-r2.trakt.tv/images/movies/000/004/810/posters/thumb/427a126af4.jpg.webp
I'm Still Here,2024,804917,i-m-still-here-2024-09-19,tt14961016,1000837,45,PG-13,https://walter-r2.trakt.tv/images/movies/000/804/917/posters/thumb/1956da26de.jpg.webp
The Empire Strikes Back,1980,1266,the-empire-strikes-back-1980,tt0080684,1891,44,PG,https://walter-r2.trakt.tv/images/movies/000/001/266/posters/thumb/33004e8ae5.jpg.webp
Venom,2018,216715,venom-2018,tt1270797,335983,44,PG-13,https://walter-r2.trakt.tv/images/movies/000/216/715/posters/thumb/a0376dcb2b.jpg.webp
The Beekeeper,2024,692878,the-beekeeper-2024,tt15314262,866398,44,R,https://walter-r2.trakt.tv/images/movies/000/692/878/posters/thumb/20ba13961c.jpg.webp
Idiocracy,2006,3936,idiocracy-2006,tt0387808,7512,44,R,https://walter-r2.trakt.tv/images/movies/000/003/936/posters/thumb/04ba8462b2.jpg.webp
Conclave,2024,783046,conclave-2024,tt20215234,974576,44,PG,https://walter-r2.trakt.tv/images/movies/000/783/046/posters/thumb/320282dbfa.jpg.webp
Back in Action,2025,798786,back-in-action-2025,tt21191806,993710,44,PG-13,https://walter-r2.trakt.tv/images/movies/000/798/786/posters/thumb/54547d76c1.jpg.webp
Riff Raff,2025,907654,riff-raff-2025,tt27775403,1127767,44,R,https://walter-r2.trakt.tv/images/movies/000/907/654/posters/thumb/4743ec5d60.jpg.webp
Free Guy,2021,400704,free-guy-2021,tt6264654,550988,43,PG-13,https://walter-r2.trakt.tv/images/movies/000/400/704/posters/thumb/1b08406a33.jpg.webp
Fantastic Beasts and Where to Find Them,2016,158661,fantastic-beasts-and-where-to-find-them-2016,tt3183660,259316,42,PG-13,https://walter-r2.trakt.tv/images/movies/000/158/661/posters/thumb/83e3b58d39.jpg.webp
Alien,1979,295,alien-1979,tt0078748,348,42,R,https://walter-r2.trakt.tv/images/movies/000/000/295/posters/thumb/42faf18edc.jpg.webp
Old Guy,2024,866348,old-guy-2024,tt26442053,1077782,42,R,https://walter-r2.trakt.tv/images/movies/000/866/348/posters/thumb/53a8dcdae1.jpg.webp
Plankton: The Movie,2025,888803,plankton-the-movie-2025,tt32560777,1104845,42,N/A,https://walter-r2.trakt.tv/images/movies/000/888/803/posters/thumb/bc9c919499.jpg.webp
The Rule of Jenny Pen,2025,977523,the-rule-of-jenny-pen-2025,tt6874690,1212742,42,R,https://walter-r2.trakt.tv/images/movies/000/977/523/posters/thumb/9d0649e480.jpg.webp
Inglourious Basterds,2009,10322,inglourious-basterds-2009,tt0361748,16869,41,R,https://walter-r2.trakt.tv/images/movies/000/010/322/posters/thumb/df88007e18.jpg.webp
Shutter Island,2010,6422,shutter-island-2010,tt1130884,11324,41,R,https://walter-r2.trakt.tv/images/movies/000/006/422/posters/thumb/25438cb7fa.jpg.webp
Thor: The Dark World,2013,56358,thor-the-dark-world-2013,tt1981115,76338,41,PG-13,https://walter-r2.trakt.tv/images/movies/000/056/358/posters/thumb/34dbbfc606.jpg.webp
Blade Runner 2049,2017,216716,blade-runner-2049-2017,tt1856101,335984,41,R,https://walter-r2.trakt.tv/images/movies/000/216/716/posters/thumb/addcff9f21.jpg.webp
The Matrix Reloaded,2003,482,the-matrix-reloaded-2003,tt0234215,604,41,R,https://walter-r2.trakt.tv/images/movies/000/000/482/posters/thumb/83ae7fc678.jpg.webp
The Hunger Games: Mockingjay - Part 1,2014,89542,the-hunger-games-mockingjay-part-1-2014,tt1951265,131631,41,PG-13,https://walter-r2.trakt.tv/images/movies/000/089/542/posters/thumb/0f657b5ea7.jpg.webp
Mission: Impossible - Dead Reckoning Part One,2023,425809,mission-impossible-dead-reckoning-part-one-2023,tt9603212,575264,41,PG-13,https://walter-r2.trakt.tv/images/movies/000/425/809/posters/thumb/3bb7433162.jpg.webp
Den of Thieves,2018,296164,den-of-thieves-2018,tt1259528,449443,41,R,https://walter-r2.trakt.tv/images/movies/000/296/164/posters/thumb/5914422218.jpg.webp
A Real Pain,2024,815128,a-real-pain-2024,tt21823606,1013850,41,R,https://walter-r2.trakt.tv/images/movies/000/815/128/posters/thumb/8345daa893.jpg.webp
Jurassic World,2015,91374,jurassic-world-2015,tt0369610,135397,40,PG-13,https://walter-r2.trakt.tv/images/movies/000/091/374/posters/thumb/ca0b3db75a.jpg.webp
The Hobbit: An Unexpected Journey,2012,34097,the-hobbit-an-unexpected-journey-2012,tt0903624,49051,40,PG-13,https://walter-r2.trakt.tv/images/movies/000/034/097/posters/thumb/4afefcf2bd.jpg.webp
Spider-Man 2,2004,439,spider-man-2-2004,tt0316654,558,40,PG-13,https://walter-r2.trakt.tv/images/movies/000/000/439/posters/thumb/153fc950a5.jpg.webp
Shrek 2,2004,652,shrek-2-2004,tt0298148,809,40,PG,https://walter-r2.trakt.tv/images/movies/000/000/652/posters/thumb/ed352ffc89.jpg.webp
The Incredible Hulk,2008,1155,the-incredible-hulk-2008,tt0800080,1724,40,PG-13,https://walter-r2.trakt.tv/images/movies/000/001/155/posters/thumb/679dcfdce9.jpg.webp
John Wick: Chapter 4,2023,448646,john-wick-chapter-4-2023,tt10366206,603692,40,R,https://walter-r2.trakt.tv/images/movies/000/448/646/posters/thumb/78d15c11ca.jpg.webp
Popeye the Slayer Man,2025,1134823,popeye-the-slayer-man-2025,tt30956852,1388366,40,N/A,https://walter-r2.trakt.tv/images/movies/001/134/823/posters/thumb/e432bff64f.jpg.webp
Star Wars: The Force Awakens,2015,94024,star-wars-the-force-awakens-2015,tt2488496,140607,39,PG-13,https://walter-r2.trakt.tv/images/movies/000/094/024/posters/thumb/5b10fc6ea3.jpg.webp
Mission: Impossible,1996,793,mission-impossible-1996,tt0117060,954,39,PG-13,https://walter-r2.trakt.tv/images/movies/000/000/793/posters/thumb/4830a427c5.jpg.webp
Lilo & Stitch,2002,6625,lilo-stitch-2002,tt0275847,11544,39,PG,https://walter-r2.trakt.tv/images/movies/000/006/625/posters/thumb/f065dd5355.jpg.webp
A Goofy Movie,1995,9634,a-goofy-movie-1995,tt0113198,15789,39,G,https://walter-r2.trakt.tv/images/movies/000/009/634/posters/thumb/a6bc150a02.jpg.webp
Love Hurts,2025,990700,love-hurts-2025,tt30788842,1226406,39,R,https://walter-r2.trakt.tv/images/movies/000/990/700/posters/thumb/1662b509d4.jpg.webp
Now You See Me,2013,55786,now-you-see-me-2013,tt1670345,75656,38,PG-13,https://walter-r2.trakt.tv/images/movies/000/055/786/posters/thumb/c4886aa532.jpg.webp
Star Wars: Episode III - Revenge of the Sith,2005,1270,star-wars-episode-iii-revenge-of-the-sith-2005,tt0121766,1895,38,PG-13,https://walter-r2.trakt.tv/images/movies/000/001/270/posters/thumb/0a61a2ea42.jpg.webp
Catch Me If You Can,2002,516,catch-me-if-you-can-2002,tt0264464,640,38,PG-13,https://walter-r2.trakt.tv/images/movies/000/000/516/posters/thumb/4993ddfecc.jpg.webp
John Wick: Chapter 3 - Parabellum,2019,304278,john-wick-chapter-3-parabellum-2019,tt6146586,458156,38,R,https://walter-r2.trakt.tv/images/movies/000/304/278/posters/thumb/0cea2a23a6.jpg.webp
Aladdin,1992,655,aladdin-1992,tt0103639,812,38,G,https://walter-r2.trakt.tv/images/movies/000/000/655/posters/thumb/6ff3df9662.jpg.webp
The Matrix Revolutions,2003,483,the-matrix-revolutions-2003,tt0242653,605,38,R,https://walter-r2.trakt.tv/images/movies/000/000/483/posters/thumb/b60fa32119.jpg.webp
Monsters University,2013,44679,monsters-university-2013,tt1453405,62211,38,G,https://walter-r2.trakt.tv/images/movies/000/044/679/posters/thumb/c68ce087d5.jpg.webp
How to Train Your Dragon 2,2014,61873,how-to-train-your-dragon-2-2014,tt1646971,82702,38,PG,https://walter-r2.trakt.tv/images/movies/000/061/873/posters/thumb/bd32f362c7.jpg.webp
The Mummy,1999,445,the-mummy-1999,tt0120616,564,38,PG-13,https://walter-r2.trakt.tv/images/movies/000/000/445/posters/thumb/d226f6adf8.jpg.webp
Encanto,2021,419442,encanto-2021,tt2953050,568124,38,PG,https://walter-r2.trakt.tv/images/movies/000/419/442/posters/thumb/20957cb77d.jpg.webp
Get Out,2017,264623,get-out-2017,tt5052448,419430,37,R,https://walter-r2.trakt.tv/images/movies/000/264/623/posters/thumb/3cba2b8393.jpg.webp
Ex Machina,2015,163375,ex-machina-2015,tt0470752,264660,37,R,https://walter-r2.trakt.tv/images/movies/000/163/375/posters/thumb/cae8e5e0c0.jpg.webp
Finding Dory,2016,87254,finding-dory-2016,tt2277860,127380,37,PG,https://walter-r2.trakt.tv/images/movies/000/087/254/posters/thumb/76fee863a6.jpg.webp
Ant-Man and the Wasp,2018,223262,ant-man-and-the-wasp-2018,tt5095030,363088,37,PG-13,https://walter-r2.trakt.tv/images/movies/000/223/262/posters/thumb/8c5b2357ef.jpg.webp
Spirited Away,2001,97,spirited-away-2001,tt0245429,129,37,PG,https://walter-r2.trakt.tv/images/movies/000/000/097/posters/thumb/f5dd88b533.jpg.webp
Once Upon a Time… in Hollywood,2019,313464,once-upon-a-time-in-hollywood-2019,tt7131622,466272,37,R,https://walter-r2.trakt.tv/images/movies/000/313/464/posters/thumb/9b6220414b.jpg.webp
Despicable Me 2,2013,68817,despicable-me-2-2013,tt1690953,93456,37,PG,https://walter-r2.trakt.tv/images/movies/000/068/817/posters/thumb/615f523e50.jpg.webp
Sicario,2015,171369,sicario-2015,tt3397884,273481,37,R,https://walter-r2.trakt.tv/images/movies/000/171/369/posters/thumb/a3938a03db.jpg.webp
Nobody,2021,458837,nobody-2021,tt7888964,615457,37,R,https://walter-r2.trakt.tv/images/movies/000/458/837/posters/thumb/abd4b17651.jpg.webp
Thor: Love and Thunder,2022,459282,thor-love-and-thunder-2022,tt10648342,616037,37,PG-13,https://walter-r2.trakt.tv/images/movies/000/459/282/posters/thumb/c27dc76364.jpg.webp
Predator,1987,75,predator-1987,tt0093773,106,37,R,https://walter-r2.trakt.tv/images/movies/000/000/075/posters/thumb/cf70c36182.jpg.webp
Juror #2,2024,890358,juror-2-2024,tt27403986,1106739,37,PG-13,https://walter-r2.trakt.tv/images/movies/000/890/358/posters/thumb/cbed21e834.jpg.webp
Alarum,2025,1012109,alarum-2025,tt31456973,1249289,37,R,https://walter-r2.trakt.tv/images/movies/001/012/109/posters/thumb/188240fb9c.jpg.webp
Counterattack,2025,1106746,counterattack-2025,tt23648788,1356039,37,R,https://walter-r2.trakt.tv/images/movies/001/106/746/posters/thumb/b362b08e3b.jpg.webp
Borderline,2025,814853,borderline-2025,tt13650814,1013482,37,R,https://walter-r2.trakt.tv/images/movies/000/814/853/posters/thumb/9c3ab2a69f.jpg.webp
Aquaman,2018,193968,aquaman-2018,tt1477834,297802,36,PG-13,https://walter-r2.trakt.tv/images/movies/000/193/968/posters/thumb/2a11607436.jpg.webp
The Maze Runner,2014,124008,the-maze-runner-2014,tt1790864,198663,36,PG-13,https://walter-r2.trakt.tv/images/movies/000/124/008/posters/thumb/e2ddbb9309.jpg.webp
